BAND,N,RMS_SCATTER
g,83,0.13085190658637516
r,133,0.1234552816820287
i,137,0.12123636255708524
